<?xml version="1.0"?>
<doc>
    <assembly>
        <name>ModLoader</name>
    </assembly>
    <members>
        <member name="M:ModLoader.ModLoader.FindModIndex(System.String)">
            <summary>
            Finds the index of the current mod by its name.
            </summary>
            <param name="name">Mod.name value of what you want to find</param>
            <returns>The index of where this mod is in the currentMods list</returns>
        </member>
        <member name="T:ModLoader.ModLoaderManager">
            <summary>
            This class is to handle the changes between scenes
            </summary>
        </member>
        <member name="F:ModLoader.SkinManager.materials">
            <summary>
            All the materials in the game
            </summary>
        </member>
        <member name="F:ModLoader.SkinManager.defaultTextures">
            <summary>
            The default textures so we can revert back
            </summary>
        </member>
        <member name="M:ModLoader.ModReader.GetMods(System.String,System.Boolean)">
            <summary>
            Gets all of the mods info localed in the path into memory
            </summary>
            <param name="path">The folder to check for mods</param>
            <param name="isDevFolder">If we are checking through the users My Projects Folder</param>
        </member>
        <member name="M:ModLoader.ModReader.GetNewMods(System.String,System.Collections.Generic.List{Mod}@)">
            <summary>
            Add the mods to the list without effecting the current mods
            </summary>
            <param name="path">Folder where the mods are located</param>
            <param name="currentMods">The current list of mods</param>
            <returns>True if there where new mods</returns>
        </member>
        <member name="M:DiscordRpc.RichPresence.GetStruct">
            <summary>
            Get the <see cref="T:DiscordRpc.RichPresenceStruct"/> reprensentation of this instance
            </summary>
            <returns><see cref="T:DiscordRpc.RichPresenceStruct"/> reprensentation of this instance</returns>
        </member>
        <member name="M:DiscordRpc.RichPresence.StrToPtr(System.String)">
            <summary>
            Returns a pointer to a representation of the given string with a size of maxbytes
            </summary>
            <param name="input">String to convert</param>
            <returns>Pointer to the UTF-8 representation of <see cref="!:input"/></returns>
        </member>
        <member name="M:DiscordRpc.RichPresence.StrToUtf8NullTerm(System.String)">
            <summary>
            Convert string to UTF-8 and add null termination
            </summary>
            <param name="toconv">string to convert</param>
            <returns>UTF-8 representation of <see cref="!:toconv"/> with added null termination</returns>
        </member>
        <member name="M:DiscordRpc.RichPresence.FreeMem">
            <summary>
            Free the allocated memory for conversion to <see cref="T:DiscordRpc.RichPresenceStruct"/>
            </summary>
        </member>
        <member name="T:VTOLVehicles">
            <summary>
            Enum of the different vehicles in the game.
            </summary>
        </member>
        <member name="T:VTOLScenes">
            <summary>
            All the different scenes in order.
            </summary>
        </member>
        <member name="F:VTOLAPI.SceneLoaded">
            <summary>
            This gets invoked when the scene has changed and finished loading. 
            This should be the safest way to start running code when a level is loaded.
            </summary>
        </member>
        <member name="P:VTOLAPI.currentScene">
            <summary>
            The current scene which is active.
            </summary>
        </member>
        <member name="M:VTOLAPI.GetSteamID">
            <summary>
            Returns the steam ID of the player which is using this mod.
            </summary>
            <returns></returns>
        </member>
        <member name="M:VTOLAPI.GetSteamName">
            <summary>
            Returns the current name of the steam user, if they change their name during play session, this doesn't update.
            </summary>
            <returns></returns>
        </member>
        <member name="M:VTOLAPI.GetPlayersVehicleGameObject">
            <summary>
            Returns the parent gameobject of what vehicle the player is currently flying, it will return null if nothing is found.
            </summary>
            <returns></returns>
        </member>
        <member name="M:VTOLAPI.GetPlayersVehicleEnum">
            <summary>
            Returns which vehicle the player is using in a Enum.
            </summary>
            <returns></returns>
        </member>
        <member name="M:VTOLAPI.CreateSettingsMenu(Settings)">
            <summary>
            Creates a settings page in the `mod settings` tab.
            Make sure to fully create your settings before calling this as you 
            can't change it onces it's created.
            </summary>
            <param name="newSettings"></param>
        </member>
        <member name="M:VTOLAPI.GetUsersMods">
            <summary>
            Returns a list of mods which are currently loaded
            </summary>
            <returns></returns>
        </member>
    </members>
</doc>
